DirectoryIndex index.php
DirectorySlash on

Options +FollowSymLinks
RewriteEngine On
RewriteCond %{HTTPS} off
RewriteRule (.*) https://%{HTTP_HOST}%{REQUEST_URI} [R=301,L]


#Установка времени кеширования для статики
<FilesMatch "\.(flv|gif|jpg|jpeg|png|ico|swf|js|css|svg|ttf|woff|eot|otf)$">
Header set Cache-Control "max-age=2592000, public"
</FilesMatch>

#Другое
php_flag display_errors on

SetEnv SERVER_ADMIN abjurest@yandex.com
AddDefaultCharset utf-8
AddType 'text/html; charset=UTF-8' .html .htm .shtm

<ifModule mod_headers.c>
Header set Connection keep-alive
</ifModule>

	
#Включение сжатия текстовых файлов
AddOutputFilterByType DEFLATE 	text/html
AddOutputFilterByType DEFLATE 	text/plain
AddOutputFilterByType DEFLATE 	text/xml
AddOutputFilterByType DEFLATE	text/css
AddOutputFilterByType DEFLATE	text/csv
AddOutputFilterByType DEFLATE 	application/javascript
AddOutputFilterByType DEFLATE	application/x-woff
AddOutputFilterByType DEFLATE	application/xhtml+xml
AddOutputFilterByType DEFLATE	text/javascript
AddOutputFilterByType DEFLATE	application/x-font-ttf
AddOutputFilterByType DEFLATE	application/x-font-otf
AddOutputFilterByType DEFLATE	application/vnd.ms-fontobject


#старые редиреты
RewriteCond %{HTTP_HOST} ^magniflex\.ru$ [OR]
RewriteCond %{HTTP_HOST} ^www\.magniflex\.bget\.ru$ [OR]
RewriteCond %{HTTP_HOST} ^new\.magniflex\.ru$ [OR]
RewriteCond %{HTTP_HOST} ^new2\.magniflex\.ru$ [OR]
RewriteCond %{HTTP_HOST} ^www\.new\.magniflex\.ru$ [OR]
RewriteCond %{HTTP_HOST} ^magniflex\.bget\.ru$ [NC]
RewriteRule ^(.*)$ https://www.magniflex.ru/$1 [R=301,L]

RewriteRule ^yandex-custom.xml$ yml/yandex.php?custom=1 [L]
RewriteRule ^landing$ landing.php [L]

RewriteRule ^yandex-all.xml$ yml/yandex.php?partners=1 [L]

RewriteCond %{REQUEST_URI} ^/company$ [NC]
RewriteRule 	^(.*)$	/sf_redirect.php?new_url=/o-magniflex/company/ [R=301,L]

RewriteCond %{REQUEST_URI} ^/shop/delivery.php$ [NC]
RewriteRule 	^(.*)$	/sf_redirect.php?new_url=/pokupatelyam/oplata-i-dostavka/ [R=301,L]

RewriteCond %{REQUEST_URI} ^/magniflex-mattresses$ [NC]
RewriteRule 	^(.*)$	/sf_redirect.php?new_url=/catalog/mattresses/ [R=301,L]

RewriteCond %{REQUEST_URI} ^/merino-mattress-for-children$ [NC]
RewriteRule 	^(.*)$	/sf_redirect.php?new_url=/catalog/detskie-ortopedicheskie-matrasy/ [R=301,L]

RewriteCond %{REQUEST_URI} ^/matras-magniflex-merinos-merino$ [NC]
RewriteRule 	^(.*)$	/sf_redirect.php?new_url=/catalog/orthopedic_mattresses/MERINOS/ [R=301,L]

RewriteCond %{REQUEST_URI} ^/merino-green-tea-mattress$ [NC]
RewriteRule 	^(.*)$	/sf_redirect.php?new_url=/catalog/orthopedic_mattresses/MERINO-GREEN-TEA/ [R=301,L]

RewriteCond %{REQUEST_URI} ^/merino-bamboo-mattress$ [NC]
RewriteRule 	^(.*)$	/sf_redirect.php?new_url=/catalog/orthopedic_mattresses/MERINO-BAMBOO/ [R=301,L]

RewriteCond %{REQUEST_URI} ^/waterlatex-mattress$ [NC]
RewriteRule 	^(.*)$	/sf_redirect.php?new_url=/catalog/orthopedic_mattresses/WATERLATTEX/ [R=301,L]

RewriteCond %{REQUEST_URI} ^/memo-merino-mattress$ [NC]
RewriteRule 	^(.*)$	/sf_redirect.php?new_url=/catalog/orthopedic_mattresses/MEMO-MERINO/ [R=301,L]

RewriteCond %{REQUEST_URI} ^/new-naturcomfort-mattress$ [NC]
RewriteRule 	^(.*)$	/sf_redirect.php?new_url=/catalog/orthopedic_mattresses/NEW-NATURCOMFORT/ [R=301,L]

RewriteCond %{REQUEST_URI} ^/new-line$ [NC]
RewriteRule 	^(.*)$	/sf_redirect.php?new_url=/catalog/new-mattresses/ [R=301,L]

RewriteCond %{REQUEST_URI} ^/magniflex/magniflex-pillows$ [NC]
RewriteRule 	^(.*)$	/sf_redirect.php?new_url=/catalog/pillows/ [R=301,L]


RewriteCond %{REQUEST_URI} ^/relaxan-pillow$ [NC]
RewriteRule 	^(.*)$	/sf_redirect.php?new_url=/catalog/vacuum-pillows/RELAXSAN/ [R=301,L]

RewriteCond %{REQUEST_URI} ^/memory-pillow$ [NC]
RewriteRule 	^(.*)$	/sf_redirect.php?new_url=/catalog/Orthopedic_pillows/MEMORY/ [R=301,L]

RewriteCond %{REQUEST_URI} ^/orthomassage-pillow$ [NC]
RewriteRule 	^(.*)$	/sf_redirect.php?new_url=/catalog/Orthopedic_pillows/ORTHOMASSAGE/ [R=301,L]

RewriteCond %{REQUEST_URI} ^/aloe-vera-pillow$ [NC]
RewriteRule 	^(.*)$	/sf_redirect.php?new_url=/catalog/Orthopedic_pillows/ALOE+VERA/ [R=301,L]

RewriteCond %{REQUEST_URI} ^/comfort-pillow$ [NC]
RewriteRule 	^(.*)$	/sf_redirect.php?new_url=/catalog/Orthopedic_pillows/COMFORT-PILLOW/ [R=301,L]

RewriteCond %{REQUEST_URI} ^/pokupatelyam/certificates/$ [NC]
RewriteRule 	^(.*)$	/sf_redirect.php?new_url=/production/certificates/ [R=301,L]



RewriteCond %{REQUEST_URI} ^/detskie-ortopedicheskie-matrasy$ [OR]
RewriteCond %{REQUEST_URI} ^/detskie-matrasy-cheny$ [OR]
RewriteCond %{REQUEST_URI} ^/detskie-matrasy-otzyvy$ [NC]
RewriteRule 	^(.*)$	/sf_redirect.php?new_url=/catalog/detskie-ortopedicheskie-matrasy/ [R=301,L]

RewriteCond %{REQUEST_URI} ^/shop/discount.php$ [OR]
RewriteCond %{REQUEST_URI} ^/garantiya-samoi-nizkoi-tceny$ [NC]
RewriteRule 	^(.*)$	/sf_redirect.php?new_url=/pokupatelyam/samaya-vygodnaya-tsena/ [R=301,L]

RewriteCond %{REQUEST_URI} ^/contact$ [NC]
RewriteRule 	^(.*)$	/sf_redirect.php?new_url=/o-magniflex/internet-magazin-matrasov/ [R=301,L]

RewriteCond %{REQUEST_URI} ^/press-area$ [NC]
RewriteRule 	^(.*)$	/sf_redirect.php?new_url=/o-magniflex/pressa/ [R=301,L]

RewriteCond %{REQUEST_URI} ^/rules-of-good-sleep$ [NC]
RewriteRule 	^(.*)$	/sf_redirect.php?new_url=/ [R=301,L]

RewriteCond %{REQUEST_URI} ^/oficialnoe-predstavitelstvo-magniflex$ [NC]
RewriteRule 	^(.*)$	/sf_redirect.php?new_url=/o-magniflex/oficialnoe-predstavitelstvo-magniflex/ [R=301,L]

RewriteCond %{REQUEST_URI} ^/test-ortopedicheskih-matrasov$ [OR]
RewriteCond %{REQUEST_URI} ^/kak-v-nashu-zhizh-prishli-matrasy$ [NC]
RewriteRule 	^(.*)$	/sf_redirect.php?new_url=/production/nastoyashchie-ortopedicheskie-matrasy/ [R=301,L]

RewriteCond %{REQUEST_URI} ^/stores$ [NC]
RewriteRule 	^(.*)$	/sf_redirect.php?new_url=/o-magniflex/adresa-magazinov/ [R=301,L]

RewriteCond %{REQUEST_URI} ^/extend-warranty$ [NC]
RewriteRule 	^(.*)$	/sf_redirect.php?new_url=/pokupatelyam/warranty/ [R=301,L]

RewriteCond %{REQUEST_URI} ^/certificates$ [NC]
RewriteRule 	^(.*)$	/sf_redirect.php?new_url=/pokupatelyam/certificates/ [R=301,L]

RewriteCond %{REQUEST_URI} ^/sizes-and-prices$ [NC]
RewriteRule 	^(.*)$	/sf_redirect.php?new_url=/pokupatelyam/sizes-and-prices/ [R=301,L]

RewriteCond %{REQUEST_URI} ^/brand-history$ [NC]
RewriteRule 	^(.*)$	/sf_redirect.php?new_url=/o-magniflex/company-history/ [R=301,L]

RewriteCond %{REQUEST_URI} ^/catalog/gelevye-podushki/$ [NC]
RewriteRule 	^(.*)$	/catalog/pillows/Collectio_freshgel/ [R=301,L]

RewriteCond %{REQUEST_URI} ^/catalog/vacuum-pillows/$ [NC]
RewriteRule 	^(.*)$	/catalog/pillows/vacuum-pillows/ [R=301,L]

RewriteCond %{REQUEST_URI} ^/catalog/Orthopedic_pillows/$ [NC]
RewriteRule 	^(.*)$	/catalog/pillows/Orthopedic_pillows/ [R=301,L]

RewriteCond %{REQUEST_URI} ^/mainBox.html$ [OR]
RewriteCond %{REQUEST_URI} ^/forum/viewtopic.php(.*)$ [OR]
RewriteCond %{REQUEST_URI} ^/video$ [OR]
RewriteCond %{REQUEST_URI} ^/magniflex$ [OR]
RewriteCond %{REQUEST_URI} ^/research-center$ [OR]
RewriteCond %{REQUEST_URI} ^/ethics$ [OR]
RewriteCond %{REQUEST_URI} ^/philosophy$ [OR]
RewriteCond %{REQUEST_URI} ^/health$ [OR]
RewriteCond %{REQUEST_URI} ^/orthopedists-recommend$ [OR]
RewriteCond %{REQUEST_URI} ^/pravilnoe-obraschenie-s-ortopedicheskim-matrasom$ [OR]
RewriteCond %{REQUEST_URI} ^/preimuschestva-ortopedicheskih-podstavok$ [OR]
RewriteCond %{REQUEST_URI} ^/chehol-dlya-matrasa-syomnyy-ili-nesyomnyy$ [OR]
RewriteCond %{REQUEST_URI} ^/chem-vam-smozhet-pomoch-ortopedicheskaya-podushka$ [OR]
RewriteCond %{REQUEST_URI} ^/mozhet-li-matras-izbavit-ot-spinnyh-boley$ [OR]
RewriteCond %{REQUEST_URI} ^/nemnogo-poleznyh-sovetov-dlya-pokupki-matrasa$ [OR]
RewriteCond %{REQUEST_URI} ^/matras-sekret-pruzhyny$ [OR]
RewriteCond %{REQUEST_URI} ^/miphy-i-legendy-o-matrasah$ [OR]
RewriteCond %{REQUEST_URI} ^/o-veschih-snah$ [OR]
RewriteCond %{REQUEST_URI} ^/shop/map.php$ [OR]
RewriteCond %{REQUEST_URI} ^/horoshiy-matras-eto-zdorovyy-son$ [NC]
RewriteRule 	^(.*)$	/ [R=301,L]

RewriteCond %{REQUEST_URI} ^/dileram$ [OR]
RewriteCond %{REQUEST_URI} ^/priglashaem-na-vystavku$ [OR]
RewriteCond %{REQUEST_URI} ^/dilery-predstaviteli-magniflex$ [OR]
RewriteCond %{REQUEST_URI} ^/povyshenie-price-matrasy$ [OR]
RewriteCond %{REQUEST_URI} ^/mebel-2013-vystavka-matrasov$ [OR]
RewriteCond %{REQUEST_URI} ^/magniflex-is-50$ [OR]
RewriteCond %{REQUEST_URI} ^/magniflex-loves-rugby$ [OR]
RewriteCond %{REQUEST_URI} ^/interiors-uk$ [OR]
RewriteCond %{REQUEST_URI} ^/canadian-home-furnishing-fair$ [OR]
RewriteCond %{REQUEST_URI} ^/podushka-v-podarok$ [OR]
RewriteCond %{REQUEST_URI} ^/las-vegas-market$ [OR]
RewriteCond %{REQUEST_URI} ^/vystavka-matrasov-magniflex-v-moskve$ [OR]
RewriteCond %{REQUEST_URI} ^/furniture-china-2011$ [NC]
RewriteRule 	^(.*)$	/sf_redirect.php?new_url=/news/ [R=301,L]

RewriteCond %{REQUEST_URI} ^/faq$ [NC]
RewriteRule 	^(.*)$	/sf_redirect.php?new_url=/pokupatelyam/questions-answers/ [R=301,L]

RewriteCond %{REQUEST_URI} ^/louvre-mattress$ [OR]
RewriteCond %{REQUEST_URI} ^/versailles-mattress$ [NC]
RewriteRule 	^(.*)$	/sf_redirect.php?new_url=/catalog/mattresses/ [R=301,L]

RewriteCond %{REQUEST_URI} ^/matras-kakogo-razmera-vybrat$ [NC]
RewriteRule 	^(.*)$	/sf_redirect.php?new_url=/pokupatelyam/sizes-and-prices/ [R=301,L]

RewriteCond %{REQUEST_URI} ^/kupite-sebe-matras$ [NC]
RewriteRule 	^(.*)$	/sf_redirect.php?new_url=/production/nastoyashchie-ortopedicheskie-matrasy/ [R=301,L]

RewriteCond %{REQUEST_URI} ^/fabric-and-treatments$ [OR]
RewriteCond %{REQUEST_URI} ^/materials$ [NC]
RewriteRule 	^(.*)$	/sf_redirect.php?new_url=/fabric-and-treatments [R=301,L]

RewriteCond %{REQUEST_URI} ^/inner-plates$ [NC]
RewriteRule 	^(.*)$	/sf_redirect.php?new_url=/production/inner-plates/ [R=301,L]

RewriteCond %{REQUEST_URI} ^/mission$ [NC]
RewriteRule 	^(.*)$	/sf_redirect.php?new_url=/o-magniflex/mission/ [R=301,L]

RewriteCond %{REQUEST_URI} ^/why-magniflex$ [NC]
RewriteRule 	^(.*)$	/sf_redirect.php?new_url=/o-magniflex/why-magniflex/ [R=301,L]

RewriteCond %{REQUEST_URI} ^/about-us$ [OR]
RewriteCond %{REQUEST_URI} ^/gallery$ [NC]
RewriteRule 	^(.*)$	/sf_redirect.php?new_url=/o-magniflex/magniflex-in-the-world/ [R=301,L]

RewriteCond %{REQUEST_URI} ^/loves-nature$ [NC]
RewriteRule 	^(.*)$	/sf_redirect.php?new_url=/production/vacuum-packing/ [R=301,L]

RewriteCond %{REQUEST_URI} ^/mattresses-60x120$ [OR]
RewriteCond %{REQUEST_URI} ^/mattresses-80x200$ [OR]
RewriteCond %{REQUEST_URI} ^/mattresses-90x190$ [OR]
RewriteCond %{REQUEST_URI} ^/mattresses-90x200$ [OR]
RewriteCond %{REQUEST_URI} ^/mattresses-120x200$ [OR]
RewriteCond %{REQUEST_URI} ^/mattresses-140x200$ [OR]
RewriteCond %{REQUEST_URI} ^/mattresses-150x200$ [OR]
RewriteCond %{REQUEST_URI} ^/mattresses-160x200$ [OR]
RewriteCond %{REQUEST_URI} ^/mattresses-180x200$ [OR]
RewriteCond %{REQUEST_URI} ^/mattresses-200x200$ [NC]
RewriteRule 	^(.*)$	/sf_redirect.php?new_url=/catalog/mattresses/ [R=301,L]


RewriteCond %{REQUEST_URI} ^/shop/ob_podushkah.php$ [NC]
RewriteRule 	^(.*)$	/sf_redirect.php?new_url=/production/nastoyashchie-ortopedicheskie-matrasy/ [R=301,L]

RewriteCond %{REQUEST_URI} ^/shops$ [NC]
RewriteRule 	^(.*)$	/sf_redirect.php?new_url=/o-magniflex/adresa-magazinov/ [R=301,L]

RewriteCond %{REQUEST_URI} ^/show-room-magniflex$ [NC]
RewriteRule 	^(.*)$	/sf_redirect.php?new_url=/o-magniflex/show-room-matrasov/ [R=301,L]

RewriteCond %{REQUEST_URI} ^/presentation/index.swf$ [NC]
RewriteRule 	^(.*)$	/sf_redirect.php?new_url=/upload/presentation/index.swf [R=301,L]

RewriteCond %{REQUEST_URI} ^/presentation/$ [NC]
RewriteRule 	^(.*)$	/sf_redirect.php?new_url=/upload/presentation/index.htm [R=301,L]

RewriteCond %{REQUEST_URI} ^/newspaper/house_organ_pdf(.*).pdf$ [NC]
RewriteRule 	^(.*)$	/sf_redirect.php?new_url=/upload/pdf/$1 [R=301,L]

RewriteCond %{REQUEST_URI} ^/uploads/(.*).pdf$ [NC]
RewriteRule 	^([a-z]+)/(.*)$	/sf_redirect.php?new_url=/upload/$2 [R=301,L]

RewriteCond %{REQUEST_URI} ^/shop/magniflex_topImg_small2.swf$ [NC]
RewriteRule 	^(.*)$	/sf_redirect.php?new_url=/upload/video/magniflex_topImg_small2.swf [R=301,L]

RewriteCond %{REQUEST_URI} ^/magniflexTodayPDF.html$ [NC]
RewriteRule 	^(.*)$	/sf_redirect.php?new_url=/upload/magniflexTodayPDF.htm [R=301,L]

#sf detskie-matrasy redirect
RewriteCond %{REQUEST_URI} ^/catalog/detskie-matrasy/$ [NC]
RewriteRule 	^(.*)$	/catalog/detskie-ortopedicheskie-matrasy/ [R=301,L]

#sf for prod and cat
RewriteCond %{REQUEST_URI} ^/shop/index.php(.*)$ [NC]
RewriteRule 	^(.*)$ /index.php [R=301,L]

#sf redirect shop to index
RewriteCond %{REQUEST_URI} ^/shop/$ [NC]
RewriteRule 	^(.*)$ / [R=301,L]

#sf sitemap
RewriteCond %{REQUEST_URI} ^/sitemap/$ [NC]
RewriteRule 	^(.*)$ /index.php [L]

RewriteCond		%{REQUEST_URI} ^/catalog/$ [NC]
RewriteRule		^(.*)$	/catalog/mattresses/ [R=301,L]

RewriteCond %{THE_REQUEST} ^.*/index\.php
RewriteRule ^(.*)index.php$ /$1 [R=301,L]

#более новые как я вижу 

Redirect 301 /shops/ekaterinburg/rimini-shop/ /shops/russia/ekaterinburg/rimini-shop/
Redirect 301 /catalog/orthopedic_mattresses/zhestkie-mattresses/ /catalog/mattresses/zhestkie-mattresses/
Redirect 301 /catalog/orthopedic_mattresses/srednie-mattresses/ /catalog/mattresses/srednie-mattresses/
Redirect 301 /catalog/orthopedic_mattresses/myahkie-mattresses/ /catalog/mattresses/soft_mattresses/
Redirect 301 /catalog/mattresses/myahkie-mattresses/ /catalog/mattresses/soft_mattresses/
Redirect 301 /catalog/orthopedic_mattresses/reguliruemie-mattresses/ /catalog/mattresses/dual-reguliruemie-mattresses/ 
Redirect 301 /catalog/mattresses/reguliruemie-mattresses/ /catalog/mattresses/dual-reguliruemie-mattresses/
Redirect 301 /news/Salone-del-Mobile-Milano-Moscow-2019/ /news/salone_del_mobile_2019/
Redirect 301 /catalog/detskie-ortopedicheskie-matrasy/Stile-7-childrens/ /catalog/collectio-stile/stile-7/
Redirect 301 /catalog/pillows/Collectio_classico/ /catalog/pillows/collectio_classico/
Redirect 301 /tovary-dlya-detej/43-b-bamboo-sfoderabile.html /catalog/detskie-ortopedicheskie-matrasy/b-bamboo-sfoderabile/
Redirect 301 /catalog/detskie-ortopedicheskie-matrasy/B-Bamboo-Sfoderabile/ /catalog/detskie-ortopedicheskie-matrasy/b-bamboo-sfoderabile/
Redirect 301 /manufacturers/ /o-magniflex/about-magniflex/
Redirect 301 /o-magniflex/company/ /o-magniflex/about-magniflex/
Redirect 301 /about-magniflex/ /o-magniflex/about-magniflex/
Redirect 301 /34-harmony/ /catalog/elitnye-harmony/
Redirect 301 /content/10-magniflex-price-list/ /production/sizes-and-prices/
Redirect 301 /podushki/100-podushka-memoform-superiore-comfort-mx-magniflex.html /catalog/pillows/memoform_superiore_comfort/
Redirect 301 /podushki/97-podushka-memoform-superiore-deluxe-standard-mx-magniflex.html /catalog/pillows/memoform-superiore-deluxe-standard/
Redirect 301 /52-srednej-myagkosti/ /catalog/mattresses/srednie-mattresses/
Redirect 301 /16-aksessuary-dlya-matrasov-i-podushek/ /catalog/mattresses/
Redirect 301 /osnovaniya-dlya-matrasov/17-komfort-osnovanie-dlya-matrasa.html /catalog/ortopedicheskie-reshetky/ortopedicheskoe-osnovanie-komfort/
Redirect 301 /podushki/96-podushka-virtuoso-mallow-standard-mx-magniflex.html /catalog/pillows/virtuoso-mallow-standard/
Redirect 301 /podushki/95-podushka-memoform-wave-classico-mx-magniflex.html  /catalog/pillows/memoform_wave_classico/
Redirect 301 /content/102-salon-mitos-v-moskve/ /o-magniflex/moscow/
Redirect 301 /54-dual/ /catalog/mattresses/dual-reguliruemie-mattresses/
Redirect 301 /12-elitnye-matrasy/ /catalog/elitnye-matrasy/
Redirect 301 /content/33-diron-ekaterinburg/ /o-magniflex/russia-ekaterinburg/
Redirect 301 /magniflex/extend-warranty/ /pokupatelyam/warranty/
Redirect 301 /catalog/collectio-pensiero/Pensiero-12/ /catalog/collectio-pensiero/pensiero-12/
Redirect 301 /o-magniflex/moscow/predstavleniya-kolekcii/ /o-magniflex/moscow/
Redirect 301 /catalog/collectio-Memorie/Memorie-8/ /catalog/collectio-memorie/memorie-8/
Redirect 301 /catalog/collectio-pensiero/Pensiero-6/ /catalog/collectio-pensiero/pensiero-6/
Redirect 301 /catalog/collectio-stile/Stile-8/ /catalog/collectio-stile/stile-8/
Redirect 301 /catalog/pillows/Collectio_relaxsan/ /catalog/pillows/collectio_relaxsan/
Redirect 301 /catalog/tracks/pled-lara-bianco/ /catalog/tracks/lara-1/
Redirect 301 /catalog/tracks/LARA-1/ /catalog/tracks/lara-1/
Redirect 301 /catalog/tracks/LARA-Bordeaux/ /catalog/tracks/lara-bordeaux/
Redirect 301 /catalog/tracks/LARA-Rosso/ /catalog/tracks/lara-rosso/
Redirect 301 /catalog/tracks/SORRENTO-1/ /catalog/tracks/sorrento-1/
Redirect 301 /catalog/tracks/SORRENTO-2/ /catalog/tracks/sorrento-2/
Redirect 301 /catalog/tracks/SORRENTO-3/ /catalog/tracks/sorrento-3/
Redirect 301 /catalog/tracks/LUCCA-1/ /catalog/tracks/lucca-1/
Redirect 301 /catalog/tracks/LUCCA-3/ /catalog/tracks/lucca-3/
Redirect 301 /catalog/tracks/ASMANA-400-3/ /catalog/tracks/asmana-400-3/
Redirect 301 /catalog/tracks/NITRA-70-Navy/ /catalog/tracks/nitra-70-navy/
Redirect 301 /catalog/tracks/NITRA-RESCA-7/ /catalog/tracks/nitra-resca-7/
Redirect 301 /catalog/tracks/NITRA-CHARME-3/ /catalog/tracks/nitra-charme-3/
Redirect 301 /catalog/collectio-stile/Stile-6/ /catalog/collectio-stile/stile-6/
Redirect 301 /catalog/collectio-Stile/Stile-7/ /catalog/collectio-stile/stile-7/
Redirect 301 /catalog/collectio-Memorie/Memorie-9/ /catalog/collectio-memorie/memorie-9/
Redirect 301 /catalog/elitnye-FreshGel/NEW-FreshGel-12/ /catalog/elitnye-freshgel/new-freshgel-12/
Redirect 301 /catalog/elitnye-FreshGel/ /catalog/elitnye-freshgel/
Redirect 301 /catalog/elitnye-Stretching/ /catalog/elitnye-stretching/
Redirect 301 /catalog/elitnye-Stretching/Stretching-9/ /catalog/elitnye-stretching/stretching-9/
Redirect 301 /catalog/collectio-Memorie/ /catalog/collectio-memorie/
Redirect 301 /catalog/pled/BABILONA-AMANDA/ /catalog/tracks/babilona-amanda-grey/
Redirect 301 /catalog/pled/BABILONA-GREY-RED/ /catalog/tracks/babilona-grey/red/
Redirect 301 /catalog/pled/BABILONA-CHECK/ /catalog/tracks/babilona-check-305-2/
Redirect 301 /catalog/collectio-pensiero/Pensiero-7/ /catalog/collectio-pensiero/pensiero-7/
Redirect 301 /catalog/collectio-pensiero/Pensiero-6/ /catalog/collectio-pensiero/pensiero-6/
Redirect 301 /catalog/elitnye-rest/Rest-9/ /catalog/elitnye-rest/rest-9/
Redirect 301 /catalog/elitnye-rest/Rest-10/ /catalog/elitnye-rest/rest-10/
Redirect 301 /catalog/elitnye-rest/Rest-12/ /catalog/elitnye-rest/rest-12/
Redirect 301 /catalog/orthopedic_mattresses/MERINOS/ /catalog/mattresses/merinos/ 
Redirect 301 /catalog/mattresses/MERINOS/ /catalog/mattresses/merinos/
Redirect 301 /catalog/orthopedic_mattresses/NEW-NATURCOMFORT/ /catalog/mattresses/new-naturcomfort/
Redirect 301 /catalog/mattresses/NEW-NATURCOMFORT/ /catalog/mattresses/new-naturcomfort/
Redirect 301 /catalog/orthopedic_mattresses/MEMO-MERINO/ /catalog/mattresses/memo-merino/
Redirect 301 /catalog/mattresses/MEMO-MERINO/ /catalog/mattresses/memo-merino/
Redirect 301 /catalog/orthopedic_mattresses/WATERLATTEX/ /catalog/mattresses/waterlattex/
Redirect 301 /catalog/mattresses/WATERLATTEX/ /catalog/mattresses/waterlattex/
Redirect 301 /catalog/mattresses/snyatie-s-proizvodstva/ /catalog/snyatie-s-proizvodstva/
Redirect 301 /catalog/bases/Topper-Best-Top/ /catalog/toppers/topper-best-top/
Redirect 301 /catalog/toppers/Topper-Best-Top/ /catalog/toppers/topper-best-top/
Redirect 301 /catalog/collectio-Stile/ /catalog/collectio-stile/
Redirect 301 /catalog/collectio-Pensiero/ /catalog/collectio-pensiero/
Redirect 301 /catalog/orthopedic_mattresses/ /catalog/mattresses/
Redirect 301 /catalog/pillows/Collectio_freshgel/ /catalog/pillows/collectio_freshgel/
Redirect 301 /catalog/pillows/Collectio_superiore/ /catalog/pillows/collectio_superiore/
Redirect 301 /catalog/pillows/Orthopedic_pillows/ /catalog/pillows/orthopedic_pillows/
Redirect 301 /catalog/Orthopedic_pillows/memoform_standard_classico/ /catalog/pillows/orthopedic_pillows/memoform_standard_classico/
Redirect 301 /catalog/Orthopedic_pillows/virtuoso-mallow-standard/ /catalog/pillows/orthopedic_pillows/virtuoso-mallow-standard/
Redirect 301 /catalog/Orthopedic_pillows/memoform-superiore-deluxe-standard/ /catalog/pillows/orthopedic_pillows/memoform-superiore-deluxe-standard/
Redirect 301 /catalog/Orthopedic_pillows/memoform-superiore-deluxe-orthomassage/ /catalog/pillows/orthopedic_pillows/memoform-superiore-deluxe-orthomassage/
Redirect 301 /catalog/Orthopedic_pillows/memoform_superiore_deluxe_wave/ /catalog/pillows/orthopedic_pillows/memoform_superiore_deluxe_wave/
Redirect 301 /catalog/Orthopedic_pillows/memoform_superiore_comfort/ /catalog/pillows/orthopedic_pillows/memoform_superiore_comfort/
Redirect 301 /catalog/Orthopedic_pillows/memoform_wave_classico/ /catalog/pillows/orthopedic_pillows/memoform_wave_classico/
Redirect 301 /catalog/Orthopedic_pillows/memoform_maxi_classico/ /catalog/pillows/orthopedic_pillows/memoform_maxi_classico/
Redirect 301 /catalog/Orthopedic_pillows/sushi_piccolo/ /catalog/pillows/orthopedic_pillows/sushi-piccolo/
Redirect 301 /catalog/gelevye-podushki/FreshGel+Wave/ /catalog/pillows/freshgel_wave/
Redirect 301 /catalog/pillows/orthopedic_pillows/FreshGel+Wave/ /catalog/pillows/freshgel_wave/
Redirect 301 /catalog/gelevye-podushki/Deluxe+Standart/ /catalog/pillows/orthopedic_pillows/magnigel-deluxe-standard/
Redirect 301 /catalog/pillows/MAGNIGEL-DELUXE-STANDARD/ /catalog/pillows/magnigel-deluxe-standard/
Redirect 301 /catalog/gelevye-podushki/Memoform-Magnigel-Standard/ /catalog/pillows/orthopedic_pillows/memoform-magnigel-standard/
Redirect 301 /catalog/pillows/Memoform-Magnigel-Standard/ /catalog/pillows/memoform-magnigel-standard/
Redirect 301 /catalog/vacuum-pillows/RELAXSAN/ /catalog/pillows/vacuum-pillows/RELAXSAN/
Redirect 301 /catalog/pillows/Collectio_Sushi/ /catalog/pillows/orthopedic_pillows/sushi-piccolo/
Redirect 301 /catalog/pillows/SUSHI-PICCOLO/ /catalog/pillows/sushi-piccolo/
Redirect 301 /pokupatelyam/oplata-i-dostavka/ /pokupatelyam/dostavka/
Redirect 301 /catalog/pillows/Оrthopedic_pillows/ /catalog/pillows/оrthopedic_pillows/
Redirect 301 /catalog/pillows/orthopedic_pillows/ /catalog/pillows/
Redirect 301 /pokupatelyam/skidki-na-otkrytye-matrasy-magniflex/ /skidki-magniflex/sales-open-mattress/
Redirect 301 /catalog/pled/ /catalog/tracks/
Redirect 301 /catalog/elitnye-FreshGel/FreshGel-9/ /catalog/elitnye-freshgel/freshgel-9/
Redirect 301 /catalog/elitnye-FreshGel/FreshGel-10/ /catalog/elitnye-freshgel/freshgel-10/
Redirect 301 /catalog/elitnye-freshgel/NEW-FreshGel-10/ /catalog/elitnye-freshgel/freshgel-10/
Redirect 301 /catalog/elitnye-freshgel/FreshGel-12/ /catalog/elitnye-freshgel/new-freshgel-12/
Redirect 301 /catalog/elitnye-carezza/Carezza-10/ /catalog/elitnye-carezza/carezza-10/
Redirect 301 /catalog/elitnye-comfort-delux/Comfort-Plus-10/ /catalog/elitnye-comfort-delux/comfort-plus-10/
Redirect 301 /catalog/elitnye-comfort-delux/Comfort-Plus-12/ /catalog/elitnye-comfort-delux/comfort-plus-12/
Redirect 301 /catalog/elitnye-stretching/Stretching-9/ /catalog/elitnye-stretching/stretching-9/
Redirect 301 /catalog/elitnye-Stretching/Stretching-10/ /catalog/elitnye-stretching/stretching-10/
Redirect 301 /catalog/elitnye-Stretching/stretching-10/ /catalog/elitnye-stretching/stretching-10/
Redirect 301 /catalog/elitnye-harmony/Exchange-Memoform-Dual/ /catalog/elitnye-harmony/exchange-memoform-dual/
Redirect 301 /catalog/elitnye-magnificent/Magnificent-12/ /catalog/elitnye-magnificent/magnificent-12/
Redirect 301 /catalog/elitnye-virtus/Virtus-30/ /catalog/elitnye-virtus/virtus-30/
Redirect 301 /catalog/detskie-ortopedicheskie-matrasy/MERINO-childrens/ /catalog/detskie-ortopedicheskie-matrasy/merino-childrens/
Redirect 301 /catalog/detskie-ortopedicheskie-matrasy/Stile-6-childrens/ /catalog/detskie-ortopedicheskie-matrasy/stile-6-childrens/
Redirect 301 /catalog/detskie-ortopedicheskie-matrasy/B-Bamboo/ /catalog/detskie-ortopedicheskie-matrasy/b-bamboo/
Redirect 301 /catalog/detskie-ortopedicheskie-matrasy/Pensiero-6-childrens/ /catalog/detskie-ortopedicheskie-matrasy/pensiero-6-childrens/
Redirect 301 /catalog/pillows/vacuum-pillows/RELAXSAN/ /catalog/pillows/vacuum-pillows/relaxsan/
Redirect 301 /catalog/tracks/BABILONA-Grey/Red/ /catalog/tracks/babilona-grey/red/
Redirect 301 /catalog/tracks/BABILONA-CHECK-305-2/ /catalog/tracks/babilona-check-305-2/
Redirect 301 /elitnye-matrasy/magnificient/ /catalog/elitnye-magnificent/
Redirect 301 /elitnye-matrasy/comfort-delux/ /catalog/elitnye-comfort-delux/
Redirect 301 /elitnye-matrasy/freshgel/ /catalog/elitnye-freshgel/
Redirect 301 /elitnye-matrasy/rest/ /catalog/elitnye-rest/
Redirect 301 /elitnye-matrasy/virtus/ /catalog/elitnye-virtus/
Redirect 301 /elitnye-matrasy/harmony/ /catalog/elitnye-harmony/
Redirect 301 /o-magniflex/russia/pozvonochnik-info/ /elitnye-matrasy/imperiale/
Redirect 301 /o-magniflex/MAGNIFLEX-AND-RUGBY/ /o-magniflex/mafniflex-and-rugby/


Redirect 301 /o-magniflex/internet_magazinam/ /partners/internet_magazinam/
Redirect 301 /o-magniflex/predlozhenie-dlya-otelej/ /partners/predlozhenie-dlya-otelej/
Redirect 301 /o-magniflex/sotrudnichestvo_dizajnerami_arkhitektorami/ /partners/sotrudnichestvo_dizajnerami_arkhitektorami/
Redirect 301 /o-magniflex/sotrudnichestve-salonam-i-magazinam/ /partners/sotrudnichestve-salonam-i-magazinam/
Redirect 301 /o-magniflex/dileram/ /partners/dileram/
Redirect 301 /o-magniflex/optovim-pokupatelyam/ /partners/optovim-pokupatelyam/
Redirect 301 /o-magniflex/for_partners/ /partners/for_partners/
Redirect 301 /o-magniflex/internet-magazin-matrasov/ /contacts/online-store/
Redirect 301 /o-magniflex/show-room-matrasov/ /contacts/show-room-matrasov/
Redirect 301 /o-magniflex/russia/ /shops/russia/
Redirect 301 /o-magniflex/moscow/ /shops/moscow/
#Redirect 301 /o-magniflex/moscow/ /shops/russia/moscow/
Redirect 301 /o-magniflex/russia-aleksin/ /shops/russia/aleksin/
Redirect 301 /o-magniflex/russia-arkhangelsk/ /shops/russia/arkhangelsk/
Redirect 301 /o-magniflex/russia-balakovo/ /shops/russia/balakovo/
Redirect 301 /o-magniflex/russia-belgorod/ /shops/russia/belgorod/
Redirect 301 /o-magniflex/russia/bratsk/ /shops/russia/bratsk/
Redirect 301 /o-magniflex/russia-vladikavkaz/ /shops/russia/vladikavkaz/
Redirect 301 /o-magniflex/russia/vladimir/ /shops/russia/vladimir/
Redirect 301 /o-magniflex/russia-voronezh/ /shops/russia/voronezh/
Redirect 301 /o-magniflex/russia/groznyy/ /shops/russia/groznyy/
Redirect 301 /o-magniflex/russia-ekaterinburg/ /shops/russia/ekaterinburg/
Redirect 301 /o-magniflex/russia-kabardino-balkariya/ /shops/russia/kabardino-balkariya/
Redirect 301 /o-magniflex/russia-kaliningrad/ /shops/russia/kaliningrad/
Redirect 301 /o-magniflex/russia-kirov/ /shops/russia/kirov/
Redirect 301 /o-magniflex/russia-krasnodar/ /shops/russia/krasnodar/
Redirect 301 /o-magniflex/russia-krasnoyarsk/ /shops/russia/krasnoyarsk/
Redirect 301 /o-magniflex/russia-krim/ /shops/russia/krim/
Redirect 301 /o-magniflex/russia-kemerova/ /shops/russia/kemerova/
Redirect 301 /o-magniflex/russia-kursk/ /shops/russia/kursk/
Redirect 301 /o-magniflex/russia-lipetsk/ /shops/russia/lipetsk/
Redirect 301 /o-magniflex/russia-nizhniy-novgorod/ /shops/russia/nizhniy-novgorod/
Redirect 301 /o-magniflex/russia-nizhniy-tagil/ /shops/russia/nizhniy-tagil/
Redirect 301 /o-magniflex/russia-novosibirsk/ /shops/russia/novosibirsk/
Redirect 301 /o-magniflex/russia/mirnuy/ /shops/russia/mirnuy/
Redirect 301 /o-magniflex/russia-moscow/ /shops/russia/moscow/
Redirect 301 /o-magniflex/russia-orenburg/ /shops/russia/orenburg/
Redirect 301 /o-magniflex/russia-omsk/ /shops/russia/omsk/
Redirect 301 /o-magniflex/russia-perm/ /shops/russia/perm/
Redirect 301 /o-magniflex/russia-penza/ /shops/russia/penza/
Redirect 301 /o-magniflex/russia-rostov/ /shops/russia/rostov/
Redirect 301 /o-magniflex/russia-rostov-na-dony/ /shops/russia/rostov-na-dony/
Redirect 301 /o-magniflex/russia-spb/ /shops/russia/spb/
Redirect 301 /o-magniflex/russia-sochi/ /shops/russia/sochi/
Redirect 301 /o-magniflex/russia-stavropol/ /shops/russia/stavropol/
Redirect 301 /o-magniflex/russia-old-oskol/ /shops/russia/old-oskol/
Redirect 301 /o-magniflex/russia-siktivkar/ /shops/russia/siktivkar/
Redirect 301 /o-magniflex/russia-tambov/ /shops/russia/tambov/
Redirect 301 /o-magniflex/russia-tver/ /shops/russia/tver/
Redirect 301 /o-magniflex/russia-tomsk/ /shops/russia/tomsk/
Redirect 301 /o-magniflex/russia-tyla/ /shops/russia/tyla/
Redirect 301 /o-magniflex/russia-tyl-obl/ /shops/russia/tyl-obl/
Redirect 301 /o-magniflex/russia-tymen/ /shops/russia/tymen/
Redirect 301 /o-magniflex/russia-ulianovsk/ /shops/russia/ulianovsk/
Redirect 301 /o-magniflex/russia-yfa/ /shops/russia/yfa/
Redirect 301 /o-magniflex/russia-xabarovsk/ /shops/russia/xabarovsk/
Redirect 301 /o-magniflex/russia-cheliabinsk/ /shops/russia/cheliabinsk/
Redirect 301 /o-magniflex/russia-cherepovec/ /shops/russia/cherepovec/
Redirect 301 /o-magniflex/russia-south-saxalinsk/ /shops/russia/south-saxalinsk/
Redirect 301 /o-magniflex/russia-yalta/ /shops/russia/yalta/
Redirect 301 /o-magniflex/magniflex-mattresses-world/kazahstan/ /shops/countries/kazahstan/
Redirect 301 /o-magniflex/magniflex-mattresses-world/armenia-belarusia/ /shops/countries/armenia-belarusia/
Redirect 301 /o-magniflex/magniflex-mattresses-world/europa/ /shops/countries/europa/
Redirect 301 /o-magniflex/magniflex-mattresses-world/aziya/ /shops/countries/aziya/
Redirect 301 /o-magniflex/magniflex-mattresses-world/amerika/ /shops/countries/amerika/
Redirect 301 /o-magniflex/magniflex-mattresses-world/avstraliya/ /shops/countries/avstraliya/
Redirect 301 /o-magniflex/magniflex-mattresses-world/ /shops/countries/
Redirect 301 /o-magniflex/russia/salon-matras-ok/ /shops/moscow/salon-matras-ok/
Redirect 301 /o-magniflex/rimini-shop/ /shops/ekaterinburg/rimini-shop/
Redirect 301 /o-magniflex/diron-italian-interiors/ /shops/ekaterinburg/diron-italian-interiors/
Redirect 301 /shops/russia/countries/avstraliya/ /shops/countries/avstraliya/
Redirect 301 /shops/russia/countries/kazahstan/ /shops/countries/kazahstan/
Redirect 301 /shops/russia/countries/armenia-belarusia/ /shops/countries/armenia-belarusia/
Redirect 301 /shops/russia/countries/europa/ /shops/countries/europa/
Redirect 301 /shops/russia/countries/aziya/ /shops/countries/aziya/
Redirect 301 /shops/russia/countries/amerika/ /shops/countries/amerika/
Redirect 301 /skidki-magniflex/ /discounts/
Redirect 301 /contacts/internet-magazin-matrasov/ /contacts/online-store/
Redirect 301 /catalog/pillows/s-effektom-pamjati/ /catalog/pillows/memory-foam-pillows/
Redirect 301 /catalog/pillows/s-oholojdaushim-effektom/ /catalog/pillows/pillows-with-cooling-effect/
Redirect 301 /catalog/pillows/gelevye-podushki/ /catalog/pillows/gel-pillows/
Redirect 301 /catalog/pillows/detskie-podushki/ /catalog/pillows/baby-pillows/
Redirect 301 /catalog/tracks/ /catalog/plaids/
Redirect 301 /catalog/namatrasniki/ /catalog/mattress-covers/
Redirect 301 /shops/russia/abakan-khakasiya/ /shops/russia/khakasiya/
Redirect 301 /new-year-discount/ /discounts/new-year-discount/
Redirect 301 /pokupatelyam/articles/kak-vybrat-ortopedicheskuyu-podushku/ /articles/kak-vybrat-ortopedicheskuyu-podushku/
Redirect 301 /shops/russia/russia-arkhangelsk/ /shops/russia/arkhangelsk/
Redirect 301 /Cashemire/ /production/Cashemire/
Redirect 301 /sotrudnichestvo_dizajnerami_arkhitektorami/ /partners/sotrudnichestvo_dizajnerami_arkhitektorami/
Redirect 301 /Linen/ /production/Linen/
Redirect 301 /ministerstvo-rf/ /pokupatelyam/certificates/ministerstvo-rf/
Redirect 301 /Camelhair-wool/ /production/Camelhair-wool/
Redirect 301 /o-magniflex/russia/rostov-na-donu/ /shops/russia/rostov-na-dony/
Redirect 301 /Material-Cotton/ /production/Material-Cotton/
Redirect 301 /o-magniflex/russia/staryy-oskol/ /shops/russia/old-oskol/
Redirect 301 /comfort-delux/ /catalog/elitnye-comfort-delux/
Redirect 301 /kak-vybrat-ortopedicheskuyu-podushku/ /articles/kak-vybrat-ortopedicheskuyu-podushku/
Redirect 301 /medecinskie-isdeliya/ /pokupatelyam/certificates/medecinskie-isdeliya/
Redirect 301 /o-magniflex/russia/moskovskaya-oblast/ /shops/russia/moscow/
Redirect 301 /matrasy-magniflex/ /catalog/mattresses/
Redirect 301 /catalog/elitnye-freshgel/FreshGel-10/ /catalog/elitnye-freshgel/freshgel-10/
Redirect 301 /ICEA/ /pokupatelyam/certificates/ICEA/
Redirect 301 /CFR/ /pokupatelyam/certificates/CFR/
Redirect 301 /catalog/collectio-memorie/Memorie-8/ /catalog/collectio-memorie/memorie-8/
Redirect 301 /CE/ /pokupatelyam/certificates/CE/
Redirect 301 /FIRA/ /pokupatelyam/certificates/FIRA/
Redirect 301 /LGA/ /pokupatelyam/certificates/LGA/
Redirect 301 /pravilnaya-ekspluataciya-matrasov/ /articles/pravilnaya-ekspluataciya-matrasov/
Redirect 301 /catalog/pillows/Collectio_virtuoso/ /catalog/pillows/collectio_virtuoso/
Redirect 301 /aquabreeze/ /production/aquabreeze/
Redirect 301 /matrasy-premium-klassa_texnologii-na-strazhe-vashego-sna/ /articles/matrasy-premium-klassa_texnologii-na-strazhe-vashego-sna/
Redirect 301 /memoformhd/ /production/memoformhd/
Redirect 301 /Aloe-vera/ /production/Aloe-vera/
Redirect 301 /GOTS/ /pokupatelyam/certificates/GOTS/
Redirect 301 /prugini/ /production/prugini/
Redirect 301 /konstrukciya-italyanskix-matrasov/ /articles/konstrukciya-italyanskix-matrasov/
Redirect 301 /Organic-cotton/ /production/Organic-cotton/
Redirect 301 /catalog/mattresses/Pensiero/ /catalog/collectio-pensiero/
Redirect 301 /ukhod-za-ortopedicheskoj-podushkoj/ /articles/ukhod-za-ortopedicheskoj-podushkoj/
Redirect 301 /catalog/elitnye-stretching/Stretching-10/ /catalog/elitnye-stretching/stretching-10/
Redirect 301 /catalog/mattresses/Stile/ /catalog/collectio-stile/
Redirect 301 /Percale/ /production/Percale/
Redirect 301 /preimushhestva-shersti-merinosa-dlya-pokrytiya-matrasov/ /articles/preimushhestva-shersti-merinosa-dlya-pokrytiya-matrasov/
Redirect 301 /tipy-ortopedicheskix-podushek/ /articles/tipy-ortopedicheskix-podushek/
Redirect 301 /MAGNIFLEX-AND-RUGBY/ /o-magniflex/mafniflex-and-rugby/
Redirect 301 /catalog/snyatie-s-proizvodstva/FreshGel+Standart/ /catalog/snyatie-s-proizvodstva/freshgel-9/
Redirect 301 /memosoft/ /production/memosoft/
Redirect 301 /pochemu-osnovanie-dolzhno-byt-ortopedicheskim/ /articles/pochemu-osnovanie-dolzhno-byt-ortopedicheskim/
Redirect 301 /Wooden-fiber/ /production/Wooden-fiber/
Redirect 301 /butik-ermitazh/ /shops/russia/butik-ermitazh/
Redirect 301 /football/ /news/magniflex-oficialnyj-partner-sbornoj-italii-po-futbolu/
Redirect 301 /ip-dragynov/ /shops/russia/ip-dragynov/
Redirect 301 /obmen-i-vozvrat_old/ /pokupatelyam/obmen-i-vozvrat/
Redirect 301 /russia-google-moscow/ /shops/russia/moscow/
Redirect 301 /europa/ /shops/countries/europa/
Redirect 301 /Eliosoft/ /production/Eliosoft/
Redirect 301 /catalog/pillows/FreshGel+Wave/ /catalog/pillows/freshgel_wave/
Redirect 301 /russia-google/ /shops/russia/
Redirect 301 /rostest/ /pokupatelyam/certificates/rostest/
Redirect 301 /kak-vybrat-italyanskij-matras/ /articles/kak-vybrat-italyanskij-matras/
Redirect 301 /preimushhestva-ortopedicheskikh-podushek/ /articles/preimushhestva-ortopedicheskikh-podushek/
Redirect 301 /rest/ /catalog/elitnye-rest/
Redirect 301 /Eliocel/ /production/Eliocel/
Redirect 301 /Silk/ /production/Silk/
Redirect 301 /chekhly-dlya-matrasov-magniflex-kakie-materialy-ispolzuyutsya/ /articles/chekhly-dlya-matrasov-magniflex-kakie-materialy-ispolzuyutsya/
Redirect 301 /Oeko-Tex/ /pokupatelyam/certificates/Oeko-Tex/
Redirect 301 /adresa-magazinov_old/ /shops/russia/
Redirect 301 /predlozhenie-dlya-otelej/ /partners/predlozhenie-dlya-otelej/
Redirect 301 /magnigelfoam/ /production/magnigelfoam/ 
Redirect 301 /catalog/collectio-pensiero/Pensiero-8/ /catalog/collectio-pensiero/pensiero-8/
Redirect 301 /Memoform-Magnifoam/ /production/Memoform-Magnifoam/
Redirect 301 /tomsk_la_roshel/ /shops/russia/tomsk_la_roshel/
Redirect 301 /salon-Orthosleep/ /shops/russia/salon-Orthosleep/
Redirect 301 /vidy-italyanskix-matrasov/ /articles/vidy-italyanskix-matrasov/
Redirect 301 /Green-tea/ /production/Green-tea/
Redirect 301 /catalog/pillows/MEMOFORM-MAXI-CLASSICO/ /catalog/pillows/memoform_maxi_classico/
Redirect 301 /magnificient/ /elitnye-matrasy/magnificient/
Redirect 301 /virtus/ /catalog/elitnye-virtus/
Redirect 301 /catalog/elitnye-freshgel/FreshGel-9/ /catalog/elitnye-freshgel/
Redirect 301 /catalog/tracks/BABILONA-AMANDA/ /catalog/plaids/babilona-amanda-grey/  
Redirect 301 /Material-Merinos/ /production/Material-Merinos/
Redirect 301 /mission/ /o-magniflex/mission/
Redirect 301 /why-magniflex/ /o-magniflex/why-magniflex/
Redirect 301 /AJA/ /pokupatelyam/certificates/AJA/
Redirect 301 /sales-carezza/ /discounts/sales-carezza/
Redirect 301 /sales-freshgel/ /discounts/sales-freshgel/
Redirect 301 /zachem-nuzhna-ortopedicheskaya-podushka/ /articles/zachem-nuzhna-ortopedicheskaya-podushka/
Redirect 301 /zachem-nuzhny-ortopedicheskie-osnovaniya-dlya-matrasov/ /articles/zachem-nuzhny-ortopedicheskie-osnovaniya-dlya-matrasov/
Redirect 301 /certificates/ /pokupatelyam/certificates/
Redirect 301 /magnifoambreeze/ /production/magnifoambreeze/
Redirect 301 /sales-blanket/ /discounts/sales-blanket/
Redirect 301 /Coolmax/ /production/Coolmax/
Redirect 301 /Rolloboules-fibre/ /production/Rolloboules-fibre/
Redirect 301 /Waterlatex/ /catalog/mattresses/waterlattex/
Redirect 301 /kak-vybrat-matras-dlya-novorozhdennogo/ /articles/kak-vybrat-matras-dlya-novorozhdennogo/
Redirect 301 /nastoyashchie-ortopedicheskie-matrasy/ /production/nastoyashchie-ortopedicheskie-matrasy/
Redirect 301 /pruzhinnyj-ili-bespruzhinnyj-matras/ /articles/pruzhinnyj-ili-bespruzhinnyj-matras/
Redirect 301 /armenia-belarusia/ /shops/countries/armenia-belarusia/
Redirect 301 /catalog/mattresses/zhestkie-mattresses-2/ /catalog/mattresses/zhestkie-mattresses/
Redirect 301 /magnifoam/ /production/magnifoam/
Redirect 301 /aziya/ /shops/countries/aziya/
Redirect 301 /kak-pravilno-podobrat-matras-magnifleks/ /articles/kak-pravilno-podobrat-matras-magnifleks/
Redirect 301 /3D-Band/ /production/3D-Band/
Redirect 301 /optovim-pokupatelyam/ /partners/optovim-pokupatelyam/
Redirect 301 /Viscose/ /production/Viscose/
Redirect 301 /material-memoform-osobennosti-i-preimushhestva/ /articles/material-memoform-osobennosti-i-preimushhestva/
Redirect 301 /matras-magniflex-merinos-merino/ /catalog/mattresses/merinos/
Redirect 301 /problem/ /production/problem/
Redirect 301 /Cotton-satin/ /production/Cotton-satin/
Redirect 301 /bespruzhinnye-matrasy/ /articles/bespruzhinnye-matrasy/
Redirect 301 /magniflex-top-hotel/ /o-magniflex/magniflex-top-hotel/
Redirect 301 /mallowfoam/ /production/mallowfoam/
Redirect 301 /osobennosti-vybora-ortopedicheskogo-matrasa-dlya-pozhilyx-lyudej/ /articles/osobennosti-vybora-ortopedicheskogo-matrasa-dlya-pozhilyx-lyudej/
Redirect 301 /Horsehair/ /production/Horsehair/
Redirect 301 /avstraliya/ /shops/countries/avstraliya/
Redirect 301  /company-history/ /o-magniflex/company-history/
Redirect 301 /internet_magazinam/ /partners/internet_magazinam/
Redirect 301 /kak-oformit-zakaz/ /pokupatelyam/kak-oformit-zakaz/
Redirect 301 /orthosleep-sindika/ /shops/moscow/orthosleep-sindika/
Redirect 301 /warranty/ /pokupatelyam/warranty/
Redirect 301  /vakuumnaya-upakovka/ /production/vakuumnaya-upakovka/
Redirect 301 /made-in-Italy/ /production/made-in-Italy/
Redirect 301 /obmen-i-vozvrat/ /pokupatelyam/obmen-i-vozvrat/
Redirect 301 /vacuum-packing/ /production/vacuum-packing/
Redirect 301 /Cotton/ /production/Cotton/
Redirect 301 /Satin-viscose/ /production/Satin-viscose/
Redirect 301 /fabric-and-treatments-vnut/ /production/fabric-and-treatments-vnut/
Redirect 301 /oplata/ /pokupatelyam/oplata/
Redirect 301 /preimushhestva-ortopedicheskogo-matrasa/ /articles/preimushhestva-ortopedicheskogo-matrasa/
Redirect 301 /stars-magniflex/ /o-magniflex/stars-magniflex/
Redirect 301 /Bamboo-fiber/ /production/Bamboo-fiber/
Redirect 301 /UKAS/ /pokupatelyam/certificates/UKAS/
Redirect 301 /company/ /o-magniflex/about-magniflex/
Redirect 301 /dileram/ /o-magniflex/dileram/
Redirect 301 /oficialnoe-predstavitelstvo-magniflex/ /o-magniflex/oficialnoe-predstavitelstvo-magniflex/
Redirect 301 /outlast/ /production/outlast/
Redirect 301 /questions-answers/ /pokupatelyam/questions-answers/
Redirect 301 /sanitar-epilogichskiy/ /pokupatelyam/certificates/sanitar-epilogichskiy/
Redirect 301 /Merinos/ /catalog/mattresses/merinos/
Redirect 301 /magniflex-in-the-world/ /o-magniflex/magniflex-in-the-world/
Redirect 301 /ortopedicheskie-podushki-pokazaniya-k-primeneniyu/ /articles/ortopedicheskie-podushki-pokazaniya-k-primeneniyu/
Redirect 301 /sotrudnichestve-salonam-i-magazinam/ /partners/sotrudnichestve-salonam-i-magazinam/
Redirect 301 /supersoftfiber/ /production/supersoftfiber/
Redirect 301 /discounts-25-per/ /discounts/discounts-25-per/ 
Redirect 301 /kogda-menyat-podushku/ /pokupatelyam/kogda-menyat-podushku/
Redirect 301 /sales-open-mattress/ /discounts/sales-open-mattress/
Redirect 301 /magniflex-daydreamer/ /o-magniflex/magniflex-daydreamer/
Redirect 301 /catalog/collectio-stile/Stile-8/ /catalog/collectio-stile/stile-8/
Redirect 301 /dostavka/ /pokupatelyam/dostavka/
Redirect 301  /catalog/collectio-stile/Stile-7/ /catalog/collectio-stile/stile-7/
Redirect 301 /likvid-parts/ /discounts/likvid-parts/
Redirect 301 /content/10-25-skidka-na-podushki-magnifleks/ /discounts/discounts-25-per/
Redirect 301 /content/34-classiko-italiano-krasnodar/ /shops/russia/krasnodar/ 
Redirect 301 /content/32-diron-chelyabinsk/ /shops/russia/cheliabinsk/
Redirect 301 /content/17-predlozhenie-dlya-optovikov/ /partners/optovim-pokupatelyam/
Redirect 301 /content/65-magniflex-na-vystavke-v-milane-foto-otchet/ /news/bolshoy_uspekh_v_milane/
Redirect 301 /matrace/ /catalog/mattresses/
Redirect 301 /14-memo-merino/ /catalog/mattresses/memo-merino/
Redirect 301 /36-relaxsan/ /catalog/pillows/collectio_relaxsan/
Redirect 301 /13-ortopedicheskie-matrasy/ /catalog/mattresses/
Redirect 301 /15-podushki/ /catalog/pillows/
Redirect 301 /19-merino-merinos/ /catalog/mattresses/merinos/
Redirect 301 /content/7-kak-oformit-zakaz/ /pokupatelyam/kak-oformit-zakaz/
Redirect 301 /content/50-salon-orthosleep-v-tc-cheremushki/ /shops/moscow/orthosleep-sindika/
Redirect 301 /content/75-ekaterinburg/ /shops/russia/ekaterinburg/
Redirect 301 /content/88-tyumen/ /shops/russia/tymen/
Redirect 301 /production/podushki-s-effektom-pamyati/ /catalog/pillows/memory-foam-pillows/
Redirect 301 /content/9-magnifleks-na-elitnykh-plyazhakh/ /o-magniflex/magniflex-daydreamer/
Redirect 301 /content/42-mobile-art-moskva/ /news/salone-del-mobile-milano/
Redirect 301 /87-kollekciya-legenda-modeli-do-2017-g/ /news/
Redirect 301 /12-bamboo/ /catalog/detskie-ortopedicheskie-matrasy/collectio-b-bamboo/
Redirect 301 /22-kollekciya-stile/ /catalog/collectio-stile/
Redirect 301 /28-kollekciya-rest/ /catalog/elitnye-rest/
Redirect 301 /40-comfort-pillow/ /catalog/pillows/s-masagnim-effektom/
Redirect 301 /catalog/namatrasniki/ /catalog/mattress-covers/
Redirect 301 /39-aloe-vera/ /production/Aloe-vera/
Redirect 301 /29-kollekciya-freshgel/ /catalog/elitnye-freshgel/
Redirect 301 /content/69-sankt-peterburg/ /shops/russia/spb/
Redirect 301 /contact-us/ /o-magniflex/contacts/
Redirect 301 /18-novogodnyaya-akciya/ /discounts/new-year-discount/
Redirect 301 /pokupatelyam/sizes-and-prices/ /production/sizes-and-prices/
Redirect 301 /18-akcii/ /discounts/
Redirect 301 /13-podushki/ /catalog/pillows/
Redirect 301 /sizes-and-prices/ /production/sizes-and-prices/
Redirect 301 /content/92-yalta/ /shops/russia/yalta/
Redirect 301 /catalog/gelevye-podushki/FreshGel+Standart/ /catalog/pillows/memoform-magnigel-standard/
Redirect 301 /content/90-chelyabinsk/ /shops/russia/cheliabinsk/
Redirect 301 /content/66-magazin-matrasov-v-kaliningrade/ /shops/russia/kaliningrad/
Redirect 301 /content/101-magniflex-oficialnyj-partner-sbornoj-italii-po-futbolu/ /news/magniflex-oficialnyj-partner-sbornoj-italii-po-futbolu/
Redirect 301 /content/8-magniflex-sponsor-sbornoj-italii/ /news/magniflex-oficialnyj-partner-sbornoj-italii-po-futbolu/
Redirect 301 /16-tovary-dlya-detej/ /catalog/detskie-ortopedicheskie-matrasy/
Redirect 301 /85-outlast/ /production/outlast/
Redirect 301 /content/22-matrasy-magniflex-dlya-gostej-sammita-g7-v-yaponii/ /news/sammit-g7/
Redirect 301 /catalog/elitnye-matrasy/Rest-9/ /catalog/elitnye-rest/rest-9/
Redirect 301 /81-memogel/ /catalog/pillows/gel-pillows/
Redirect 301 /2-content/articles/ /articles/
Redirect 301 /48-krovati/ /catalog/beds/
Redirect 301 /13-waterlatex/ /catalog/mattresses/waterlattex/
Redirect 301 /content/82-novosibirsk/ /shops/russia/novosibirsk/
Redirect 301 /35-virtus/ /catalog/elitnye-virtus/
Redirect 301 /catalog/orthopedic_mattresses/MERINO-BAMBOO/ /catalog/snyatie-s-proizvodstva/MERINO-BAMBOO/
Redirect 301 /catalog/Orthopedic_pillows/ALOE+VERA/ /production/Aloe-vera/
Redirect 301 /catalog/Orthopedic_pillows/MEMORY/ /catalog/pillows/memoform-baby/
Redirect 301 /catalog/Orthopedic_pillows/COMFORT-PILLOW/ /catalog/pillows/
Redirect 301 /catalog/elitnye-rest2/Carezza-10/ /catalog/elitnye-carezza/carezza-10/ 
Redirect 301 /catalog/elitnye-FreshGel_new/NEW-FreshGel-10/ /catalog/elitnye-freshgel/freshgel-10/
Redirect 301 /catalog/gelevye-podushki/MemoGel+Standart/ /catalog/pillows/gel-pillows/
Redirect 301 /catalog/mattresses/FreshGel-10/ /catalog/elitnye-freshgel/freshgel-10/
Redirect 301 /catalog/Orthopedic_pillows/ALOE%2BVERA/ /production/Aloe-vera/
Redirect 301 /catalog/detskie_matrasy/ /catalog/detskie-ortopedicheskie-matrasy/
Redirect 301 /catalog/elitnye-matrasy/FreshGel-10/ /catalog/elitnye-freshgel/freshgel-10/
Redirect 301 /catalog/elitnye-matrasy/Comfort-Plus-12/ /catalog/elitnye-comfort-delux/comfort-plus-12/
Redirect 301 /catalog/elitnye-matrasy/Exchange-Memoform-Dual/ /catalog/elitnye-harmony/exchange-memoform-dual/
Redirect 301 /catalog/elitnye-matrasy/Rest-12/ /catalog/elitnye-rest/rest-12/
Redirect 301 /catalog/elitnye-matrasy/FreshGel-12/ /catalog/elitnye-freshgel/new-freshgel-12/
Redirect 301 /catalog/elitnye-matrasy/Stretching-9/ /catalog/elitnye-stretching/stretching-9/
Redirect 301 /catalog/orthopedic_mattresses/Memorie-8/ /catalog/collectio-memorie/memorie-8/
Redirect 301 /catalog/elitnye-matrasy/Comfort-Plus-10/ /catalog/elitnye-comfort-delux/comfort-plus-10/
Redirect 301 /catalog/elitnye-matrasy/Rest-10/ /catalog/elitnye-rest/rest-10/
Redirect 301 /catalog/bases/DREAM/ /catalog/bases/
Redirect 301 /news/Salone-del-Mobile-20182/ /news/salone_del_mobile_2019/
Redirect 301 /catalog/vacuum_pillows/ /catalog/pillows/vacuum-pillows/ 
Redirect 301 /catalog/elitnye-Memorie/Memorie-9/ /catalog/collectio-memorie/memorie-9/
Redirect 301 /catalog/ortopedicheskie-reshetky/ /catalog/bases/
Redirect 301 /catalog/elitnye-Pensiero/Pensiero-6/ /catalog/collectio-pensiero/pensiero-6/
Redirect 301 /Memory/ /catalog/collectio-memorie/
Redirect 301 /42-freshgel-wave/ /catalog/pillows/freshgel_wave/
Redirect 301 /elitnye-matrasy/imperiale/ /catalog/snyatie-s-proizvodstva/Imperiale-24/
Redirect 301 /freshgel/ /catalog/elitnye-freshgel/
Redirect 301 /skidki-merinos/ /discounts/
Redirect 301 /content/34-krasnodar/ /shops/russia/krasnodar/
Redirect 301 /catalog/new-mattresses/ /catalog/mattresses/
Redirect 301 /79-memoform-airyform/ /production/Memoform-Magnifoam/
Redirect 301 /content/60-rostove-na-donu-shou-rum/ /shops/russia/rostov-na-dony/
Redirect 301 /osobennosti-elitnyx-italyanskix-matrasov/ /catalog/elitnye-matrasy/
Redirect 301 /podushki/94-podushka-memoform-standard-classico-mx-magniflex.html /catalog/pillows/memoform_standard_classico/
Redirect 301 /podushki/98-podushka-memoform-superiore-deluxe-orthomassage-mx-magniflex.html /catalog/pillows/memoform_superiore_deluxe_wave/
Redirect 301 /tovary-dlya-detej/43-b-bamboo-sfoderabile.html /catalog/detskie-ortopedicheskie-matrasy/b-bamboo/
Redirect 301 /matrasy/90-memorie-9.html /catalog/collectio-memorie/memorie-9/
Redirect 301 /ortopedicheskie-matrasy/23-memo-merino-ortopedicheskiy-matras.html /catalog/mattresses/memo-merino/
Redirect 301 /podushki/9-podushka-freshgel-standard.html /catalog/pillows/magnigel-deluxe-standard/
Redirect 301 /tovary-dlya-detej/42-b-bamboo.html /catalog/detskie-ortopedicheskie-matrasy/collectio-b-bamboo/
Redirect 301 /matrasy/45-stretching-9.html /catalog/elitnye-stretching/stretching-9/
Redirect 301 /matrasy/91-pensiero-12.html /catalog/collectio-pensiero/pensiero-12/
Redirect 301 /detskie-matrasy/5-merino-dlya-detej.html /catalog/detskie-ortopedicheskie-matrasy/merino-childrens/
Redirect 301 /toppery/16-best-top.html /catalog/mattresses/toppers/
Redirect 301 /matrasy/20-merino-bamboo.html /catalog/detskie-ortopedicheskie-matrasy/collectio-b-bamboo/
Redirect 301 /matrasy/26-rest-10.html /catalog/elitnye-rest/rest-10/
Redirect 301 /matrasy/46-stretching-10.html /catalog/elitnye-stretching/stretching-10/
Redirect 301 /podushki/9-freshgel-standard.html /catalog/elitnye-freshgel/freshgel-10/
Redirect 301 /matrasy/30-freshgel-12.html /catalog/elitnye-freshgel/new-freshgel-12/
Redirect 301 /namatrasniki/25-namatrasnik.html /catalog/mattress-covers/
Redirect 301 /osnovaniya/17-osnovanie-dream.html /catalog/bases/
Redirect 301 /matrasy/24-memo-merino.html /catalog/mattresses/memo-merino/
Redirect 301 /matrasy/36-stile-6.html /catalog/collectio-stile/stile-6/
Redirect 301 /poduschki/16-ortopedicheskaya-poduschka-relaxsan.html /catalog/pillows/vacuum-pillows/relaxsan/
Redirect 301 /26-detskiy-matras-merinos.html /catalog/detskie-ortopedicheskie-matrasy/merino-childrens/ 
Redirect 301 /matrasy/28-freshgel-9.html /catalog/elitnye-freshgel/
Redirect 301 /poduschki/15-ortopedicheskaya-poduschka-memory-relief.html /catalog/pillows/memory-foam-pillows/
Redirect 301 /content/23-otkrytie-esshe-odnogo-shou-ruma-v-milane-stolice-mody-roskoshi-i-dizajna/ /contacts/show-room-matrasov/
Redirect 301 /new-products/ /catalog/mattresses/
Redirect 301 /catalog/elitnye-imperiale/Imperiale-28/ /catalog/snyatie-s-proizvodstva/Imperiale-28/
Redirect 301 /catalog/elitnye-imperiale/Imperiale-24/ /catalog/snyatie-s-proizvodstva/Imperiale-24/
Redirect 301 /catalog/elitnye-imperiale/Imperiale-33/ /catalog/snyatie-s-proizvodstva/Imperiale-33/
Redirect 301 /catalog/elitnye-magnificent/Imperiale-24/ /catalog/snyatie-s-proizvodstva/Imperiale-24/
Redirect 301 /catalog/elitnye-matrasy/Imperiale-28/ /catalog/snyatie-s-proizvodstva/Imperiale-28/
Redirect 301 /catalog/elitnye-matrasy/Magnificent-12/ /catalog/elitnye-magnificent/magnificent-12/
Redirect 301 /catalog/elitnye-matrasy/Imperiale-33/ /catalog/snyatie-s-proizvodstva/Imperiale-33/
Redirect 301 /19-merinos.html /catalog/mattresses/merinos/
Redirect 301 /relaxan.html /catalog/pillows/collectio_relaxsan/
Redirect 301 /ortopedicheskie-matrasy/17-merino-merinos-ortopedicheskiy-matras.html /catalog/mattresses/merinos/
Redirect 301 /tovary-dlya-detej/43-ortopedicheskij-matras-dlya-detej-b-bamboo-sfoderabile.html /catalog/detskie-ortopedicheskie-matrasy/b-bamboo-sfoderabile/
Redirect 301 /catalog/detskie-ortopedicheskie-matrasy/Merino+Bamboo/ /catalog/detskie-ortopedicheskie-matrasy/
Redirect 301 /matrasy/33-magnificent-12.html /catalog/elitnye-magnificent/magnificent-12/
Redirect 301 /matrasy/39-pensiero-6.html /catalog/collectio-pensiero/pensiero-6/
Redirect 301 /podushki/10-orthomassage.html /catalog/mattresses/memo-merino/
Redirect 301 /21-bamboo.html /catalog/detskie-ortopedicheskie-matrasy/b-bamboo/
Redirect 301 /aksessuary/17-komfort-osnovanie-dlya-matrasa.html /catalog/bases/ortopedicheskoe-osnovanie-komfort/
Redirect 301 /krovati/79-krovat-rimini.html /catalog/beds/rimini/
Redirect 301 /krovati/83-krovat-bibione-klassik.html /catalog/beds/bibione-classic/
Redirect 301 /krovati/81-krovat-kyanti.html /catalog/beds/kyanti/
Redirect 301 /aksessuary/92-ortopedicheskoe-osnovanie-lyuks.html /catalog/bases/ortopedicheskoe-osnovanie-lux/ 
Redirect 301 /podushki/13-podushka-memory.html /catalog/pillows/memory-foam-pillows/
Redirect 301 /toppery/16-topper-best-top.html /catalog/mattresses/toppers/
Redirect 301 /krovati/78-krovat-san-remo.html /catalog/beds/san-remo/
Redirect 301 /merinos.html /catalog/mattresses/merinos/
Redirect 301 /rostov.php /shops/russia/rostov/
Redirect 301 /krovati/82-krovat-toskana.html /catalog/beds/toskana/
Redirect 301 /merino-merinos/88-detskij-merino-merinos.html /catalog/detskie-ortopedicheskie-matrasy/merino-childrens/
Redirect 301 /aksessuary/86-komfort-plyus-osnovanie-dlya-matrasa.html /catalog/bases/ortopedicheskoe-osnovanie-komfort/
Redirect 301 /matrasy/18-merino-merinos.html /catalog/mattresses/merinos/
Redirect 301 /matrasy/35-virtus-30.html /catalog/elitnye-virtus/virtus-30/
Redirect 301 /elitnye-matrasy/3-magniflex-rest-12-elitniy-matras-premium-klassa.html /catalog/elitnye-rest/rest-12/
Redirect 301 /elitnye-matrasy/1-magniflex-rest-9-elitnyj-matras-premium-klassa.html /catalog/elitnye-rest/rest-9/
Redirect 301 /matrasy/41-pensiero-8.html /catalog/collectio-pensiero/pensiero-8/
Redirect 301 /elitnye-matrasy/2-magniflex-rest-10-elitnyj-matras-premium-klassa.html /catalog/elitnye-rest/rest-10/
Redirect 301 /matrasy/34-exchange-memoform-dual.html /catalog/elitnye-harmony/exchange-memoform-dual/
Redirect 301 /catalog/Imperiale-24/ /catalog/snyatie-s-proizvodstva/Imperiale-24/
Redirect 301 /aleksin-tulskaya-obl.php /shops/russia/tyl-obl/
Redirect 301 /matrasy/89-memorie-8.html /catalog/collectio-memorie/memorie-8/
Redirect 301 /matrasy/25-rest-9.html /catalog/elitnye-rest/rest-9/
Redirect 301 /matrasy/29-freshgel-10.html /catalog/elitnye-freshgel/freshgel-10/
Redirect 301 /podushki/94-memoform-standard-classico.html /catalog/pillows/memoform_standard_classico/
Redirect 301 /podushki/12-podushka-freshgel-wave.html /catalog/pillows/freshgel_wave/
Redirect 301 /krovati/47-krovat-veneciya.html /catalog/beds/venecia/
Redirect 301 /matrasy/38-stile-8.html /catalog/collectio-stile/stile-8/
Redirect 301 /matrasy/40-pensiero-7.html /catalog/collectio-pensiero/pensiero-7/
Redirect 301 /podushki/96-virtuoso-mallow-standard.html /catalog/pillows/virtuoso-mallow-standard/
Redirect 301 /krovati/80-krovat-arno.html /catalog/beds/arno/
Redirect 301 /matrasy/27-rest-12.html /catalog/elitnye-rest/rest-12/
Redirect 301 /podushki/97-memoform-superiore-deluxe-standard.html /catalog/pillows/memoform-magnigel-standard/
Redirect 301 /matrasy/32-comfort-plus-12.html /catalog/elitnye-comfort-delux/comfort-plus-12/
Redirect 301 /contacts.html /o-magniflex/contacts/
Redirect 301 /podushki/95-memoform-wave-classico.html /catalog/pillows/freshgel_wave/
Redirect 301 /tovary-dlya-detej/42-ortopedicheskij-matras-dlya-detej-b-bamboo.html /catalog/detskie-ortopedicheskie-matrasy/b-bamboo/
Redirect 301 /podushki/100-memoform-superiore-comfort.html /catalog/pillows/memoform_superiore_comfort/
Redirect 301 /aksessuary/87-komfort-razbornoe-osnovanie-dlya-matrasa.html /catalog/bases/ortopedicheskoe-osnovanie-komfort-razbornoe/
Redirect 301 /podushki/15-podushka-relaxsan.html /catalog/pillows/vacuum-pillows/relaxsan/
Redirect 301 /catalog/Imperiale-33/ /catalog/snyatie-s-proizvodstva/Imperiale-33/
Redirect 301 /elitnye-matrasy/14-magnificent-12-elitniy-matras.html /catalog/elitnye-magnificent/magnificent-12/
Redirect 301 /matrasy/37-stile-7.html /catalog/collectio-stile/stile-7/
Redirect 301 /podushki/14-podushka-memoform-comfort.html /catalog/pillows/memoform_superiore_comfort/
Redirect 301 /podushki/8-podushka-memogel-standard.html /catalog/pillows/memoform_standard_classico/
Redirect 301 /mapsite/ /sitemap/
Redirect 301 /shops/russia/chechnya/ /shops/countries/chechnya/

Redirect 301 /catalog/collectio-memorie/memorie-9/ /catalog/snyatie-s-proizvodstva/memorie-9/

#редиректы
RewriteCond %{THE_REQUEST} ^.*/index\.php
RewriteRule ^(.*)index.php$ /$1 [R=301,L]

RewriteCond %{REQUEST_FILENAME} !-f
RewriteCond %{REQUEST_FILENAME} !-l
RewriteCond %{REQUEST_FILENAME} !-d
RewriteCond %{REQUEST_FILENAME} !/index.php$
RewriteCond %{REQUEST_URI} !\.[a-zA-Z]{1,4}[\?0-9]*/?$ [NC]
RewriteRule ^(.*)$ /index.php [L]
RewriteRule .* - [E=REMOTE_USER:%{HTTP:Authorization}]

<Files "comments.txt">
Deny from all
</Files>

